#{"t_start": 1790847654.278373, "env_id": "None"}
r,l,t
-0.978222,12,9.322018
-8.779795,8,15.697521
-4.134674,10,22.425843
-4.309319,10,29.618218
-1.644438,14,38.219204
-5.863318,5,43.769403
-6.301588,7,50.034116
-1.172677,15,58.445053
-0.794188,21,69.265472
-6.364757,6,75.191418
2.618117,40,91.217039
-0.457872,16,100.183504
-5.084014,7,106.630534
-5.791274,6,112.6277
-3.809705,10,119.848538
0.678197,15,128.040785
-6.154397,8,134.838668
5.210857,29,147.457594
-8.495072,8,153.761456
5.292614,36,169.565898
-5.716003,7,175.971022
0.879308,21,185.981666
2.348417,25,197.501518
-7.404422,12,204.970843
-5.231445,6,210.63964
-1.584226,15,219.361174
-6.288799,5,225.084645
11.893388,41,241.417037
-5.378506,8,247.941868
-2.55845,11,255.45662
-1.904706,11,262.526628
-5.673665,7,268.583436
-5.451182,8,274.956521
6.490147,28,287.608176
-5.252063,6,293.278967
17.373885,53,314.144247
-2.411416,11,322.736373
-6.325167,7,328.820628
-5.698244,8,335.611745
5.941734,39,352.297195
0.465852,24,363.885288
16.078343,60,387.698023
-5.729491,5,393.193954
-1.063302,17,402.916605
20.049651,57,424.735705
-2.511668,27,436.935944
51.26347,112,476.79531
32.56698,96,513.292981
17.229494,55,533.931829
-5.185391,7,539.710832
17.35031,79,565.443781
36.16979,84,593.665279
9.99691,38,607.572707
0.017506,14,615.522644
58.871086,112,651.018752
21.004065,56,669.99127
46.966701,120,713.359046
52.712412,108,761.383036
-1.551099,17,776.58072
